train_loss,epoch,step
2.2938239574432373,0,49
2.3077962398529053,0,99
