{"loss": 2.756138801574707, "_timestamp": 1696851778.332709, "_runtime": 43.280301094055176, "_step": 9}